{"cameraMode":{"drawMode":0,"name":"Shaded","section":"Shading Mode"},"sceneLighting":true,"audioPlay":false,"sceneViewState":{"m_AlwaysRefresh":false,"showFog":true,"showSkybox":true,"showFlares":true,"showImageEffects":true,"showParticleSystems":true,"showVisualEffectGraphs":true,"m_FxEnabled":true},"in2DMode":false,"pivot":{"x":-3.341118097305298,"y":0.9880874156951904,"z":0.3203606605529785},"rotation":{"x":-0.20531290769577027,"y":-0.06982231885194779,"z":0.014657661318778992,"w":-0.9761273264884949},"size":9.347526550292969,"orthographic":false}